repo,visibility,archived,default_branch,last_push
.github,PUBLIC,False,main,2026-08-31T18:55:53Z
YARQA-ATTN,PUBLIC,False,main,2026-08-31T04:51:13Z
a11oy,PUBLIC,False,main,2026-08-31T21:06:49Z
a11oy-factory,PUBLIC,False,main,2026-08-31T18:47:21Z
a11oy-net,PUBLIC,False,main,2026-08-31T20:06:31Z
anatomy,PUBLIC,False,main,2026-08-31T04:52:58Z
ayllu,PUBLIC,False,main,2026-08-31T04:51:21Z
cosmos,PUBLIC,True,main,2026-08-29T16:15:45Z
counsel,PUBLIC,True,main,2026-08-29T16:57:45Z
david-leads,PUBLIC,True,main,2026-08-28T18:48:14Z
developers,PUBLIC,True,main,2026-07-29T23:07:25Z
docs-site,PUBLIC,True,main,2026-08-28T15:41:19Z
energy-attest-holo,PUBLIC,True,main,2026-08-18T00:23:33Z
evidence-doctrine,PUBLIC,False,main,2026-08-30T22:30:51Z
evidence-studio,PUBLIC,False,main,2026-08-30T21:17:16Z
evidence-typed-formula-governance,PUBLIC,True,main,2026-07-21T03:28:34Z
fail-closed-governed-ai-services,PUBLIC,True,main,2026-07-21T03:28:38Z
gdw-frontier,PRIVATE,False,main,2026-08-26T13:45:06Z
governance-as-code,PUBLIC,False,main,2026-08-31T21:07:55Z
governed-inference-meter,PUBLIC,True,main,2026-08-30T13:35:31Z
governed-norm-holo,PUBLIC,True,main,2026-08-29T01:32:19Z
governed-receipt-spec,PUBLIC,False,main,2026-08-31T21:09:46Z
hatun-mcp,PUBLIC,False,main,2026-08-31T12:22:35Z
holographic-unify,PUBLIC,True,main,2026-08-29T17:04:52Z
immune,PUBLIC,False,main,2026-08-31T21:07:59Z
immune-lattice,PUBLIC,True,main,2026-08-29T16:49:22Z
khipu-consensus,PUBLIC,False,main,2026-08-31T12:21:51Z
khipu-lab,PUBLIC,True,main,2026-08-29T17:20:40Z
khipu-pages,PUBLIC,True,main,2026-08-29T16:08:16Z
khipu-sda-core,PUBLIC,False,main,2026-08-31T12:22:12Z
khipu-x1,PRIVATE,False,main,2026-08-31T21:08:27Z
killinchu,PUBLIC,False,main,2026-08-31T19:56:20Z
lambda-gate-holo,PUBLIC,True,main,2026-08-29T00:08:48Z
lean-kernel,PUBLIC,True,main,2026-08-28T04:49:20Z
lutar-lean,PUBLIC,False,main,2026-08-31T20:05:44Z
lyte-lattice,PUBLIC,False,main,2026-08-31T05:14:42Z
lyte-services,PUBLIC,False,main,2026-08-30T21:17:29Z
nexus,PUBLIC,False,main,2026-08-31T05:14:39Z
ouroboros,PUBLIC,True,main,2026-08-28T04:40:58Z
pitch-collateral,PRIVATE,False,main,2026-08-31T04:51:11Z
platform,PUBLIC,False,main,2026-08-31T20:01:47Z
puriq-live,PUBLIC,False,main,2026-08-31T04:51:30Z
receipt-chain-live,PUBLIC,True,main,2026-08-26T16:17:28Z
sda,PUBLIC,False,main,2026-08-31T04:51:03Z
szl-atelier,PUBLIC,False,main,2026-08-31T03:40:58Z
szl-block-kv,PUBLIC,False,main,2026-08-31T21:08:26Z
szl-blocked,PUBLIC,False,main,2026-08-30T21:17:11Z
szl-brand,PUBLIC,False,main,2026-08-31T04:54:09Z
szl-build-env,PUBLIC,True,main,2026-08-28T15:41:13Z
szl-command-lab,PUBLIC,False,main,2026-08-31T21:08:05Z
szl-cookbook,PUBLIC,True,main,2026-08-31T01:32:26Z
szl-defensive-control-plane,PRIVATE,False,main,2026-08-31T04:57:56Z
szl-doctrine,PUBLIC,False,main,2026-08-31T11:29:28Z
szl-drift,PUBLIC,False,main,2026-08-30T22:31:29Z
szl-energy-attest,PUBLIC,False,main,2026-08-31T12:19:44Z
szl-estate-os,PRIVATE,False,main,2026-08-31T18:38:21Z
szl-experiments,PUBLIC,True,main,2026-08-29T16:16:52Z
szl-fleet-overlay,PUBLIC,True,main,2026-08-26T14:25:23Z
szl-forge,PUBLIC,False,main,2026-08-31T21:08:24Z
szl-formula-ledger,PUBLIC,True,main,2026-07-22T03:31:12Z
szl-formulas,PUBLIC,False,main,2026-08-30T21:17:05Z
szl-frontier,PUBLIC,False,main,2026-08-31T05:25:17Z
szl-gov,PUBLIC,False,main,2026-08-31T21:08:09Z
szl-governed-norm,PUBLIC,True,main,2026-08-08T23:49:00Z
szl-govsign,PUBLIC,False,main,2026-08-30T21:17:08Z
szl-gpu-bridge,PUBLIC,False,main,2026-08-31T04:51:18Z
szl-guardrail-receipt,PUBLIC,False,main,2026-07-09T15:35:14Z
szl-holdings.github.io,PUBLIC,False,main,2026-08-31T21:08:36Z
szl-invariants,PUBLIC,False,main,2026-08-31T21:08:14Z
szl-kernels,PUBLIC,False,main,2026-08-31T21:07:52Z
szl-kernels-live,PUBLIC,True,main,2026-08-18T00:24:31Z
szl-khipu,PUBLIC,False,main,2026-08-31T19:12:28Z
szl-lake,PUBLIC,False,main,2026-08-31T19:55:01Z
szl-lambda-gate,PUBLIC,False,main,2026-08-31T12:20:32Z
szl-maskmod,PUBLIC,False,main,2026-08-30T21:17:19Z
szl-mesh,PUBLIC,True,main,2026-08-26T13:49:48Z
szl-nemo,PUBLIC,False,main,2026-08-29T00:13:14Z
szl-org-health,PRIVATE,False,main,2026-08-31T04:40:30Z
szl-organ-integrity,PUBLIC,True,main,2026-08-29T03:11:59Z
szl-otel-mesh,PUBLIC,True,main,2026-07-17T15:11:02Z
szl-ouroboros,PUBLIC,False,main,2026-08-31T21:08:18Z
szl-papers,PUBLIC,False,main,2026-08-31T04:51:14Z
szl-platform,PRIVATE,False,main,2026-08-31T21:07:33Z
szl-provctl,PUBLIC,False,main,2026-08-30T21:17:10Z
szl-provctl-live,PUBLIC,True,main,2026-08-18T00:23:15Z
szl-quant,PUBLIC,False,main,2026-08-31T18:36:12Z
szl-quant-witness,PUBLIC,False,main,2026-08-31T20:23:59Z
szl-real-estate,PUBLIC,False,main,2026-08-31T01:41:09Z
szl-receipt,PUBLIC,False,main,2026-08-31T19:15:05Z
szl-receipt-attn,PUBLIC,False,main,2026-08-31T21:08:21Z
szl-router,PUBLIC,True,main,2026-08-26T13:47:06Z
szl-second-brain,PUBLIC,False,main,2026-08-31T04:51:27Z
szl-serve,PUBLIC,False,main,2026-08-31T04:51:15Z
szl-sovereign-os,PUBLIC,False,main,2026-08-30T23:11:25Z
szl-substrate,PUBLIC,False,main,2026-08-31T19:12:16Z
szl-telemetry,PUBLIC,True,main,2026-08-29T06:37:05Z
szl-trust,PUBLIC,False,main,2026-08-31T19:57:23Z
szl-uds-deployment,PUBLIC,True,main,2026-07-01T22:05:30Z
szl-v14,PRIVATE,False,main,2026-08-31T13:24:46Z
uds-bundles,PUBLIC,True,main,2026-06-30T01:19:53Z
vsp-otel,PUBLIC,True,main,2026-08-26T13:49:32Z
warhacker-demo,PUBLIC,True,main,2026-07-21T03:28:30Z
yarqa,PUBLIC,False,main,2026-08-31T12:43:51Z
